DATA,Marca,APRESENTACAO,EAN,MDTR_UND,CPV_UND
2024-08-01,VELTORA (A4H),VELTORA CAP MOLE BLX60,7896658040894,3292,145
2024-09-01,VELTORA (A4H),VELTORA CAP MOLE BLX60,7896658040894,3261,5
2024-06-01,VELTORA (A4H),VELTORA CAP MOLE BLX60,7896658040894,2619,0
2024-10-01,VELTORA (A4H),VELTORA CAP MOLE BLX60,7896658040894,3569,0
2024-12-01,VELTORA (A4H),VELTORA CAP MOLE BLX60,7896658040894,3800.5,0
2024-11-01,VELTORA (A4H),VELTORA CAP MOLE BLX60,7896658040894,3634,0
2024-02-01,VELTORA (A4H),VELTORA CAP MOLE BLX60,7896658040894,1507,0
2024-04-01,VELTORA (A4H),VELTORA CAP MOLE BLX60,7896658040894,2255,0
2024-01-01,VELTORA (A4H),VELTORA CAP MOLE BLX60,7896658040894,1389,0
2024-05-01,VELTORA (A4H),VELTORA CAP MOLE BLX60,7896658040894,2452,0
2024-07-01,VELTORA (A4H),VELTORA CAP MOLE BLX60,7896658040894,3010,3
2024-03-01,VELTORA (A4H),VELTORA CAP MOLE BLX60,7896658040894,1888,0
2024-08-01,NODRIX (A4H),NODRIX DIARIO 5MG COMR BLX60,7896658049095,16139,952
2024-07-01,NODRIX (A4H),NODRIX DIARIO 5MG COMR BLX60,7896658049095,15029,16
2024-09-01,NODRIX (A4H),NODRIX DIARIO 5MG COMR BLX60,7896658049095,17224,22
2024-04-01,NODRIX (A4H),NODRIX DIARIO 5MG COMR BLX60,7896658049095,10426,0
2024-06-01,NODRIX (A4H),NODRIX DIARIO 5MG COMR BLX60,7896658049095,12451,0
2024-10-01,NODRIX (A4H),NODRIX DIARIO 5MG COMR BLX60,7896658049095,19092,0
2024-12-01,NODRIX (A4H),NODRIX DIARIO 5MG COMR BLX60,7896658049095,19743.5,0
2024-11-01,NODRIX (A4H),NODRIX DIARIO 5MG COMR BLX60,7896658049095,19145.33,0
2024-01-01,NODRIX (A4H),NODRIX DIARIO 5MG COMR BLX60,7896658049095,8134,0
2024-05-01,NODRIX (A4H),NODRIX DIARIO 5MG COMR BLX60,7896658049095,10467,0
2024-03-01,NODRIX (A4H),NODRIX DIARIO 5MG COMR BLX60,7896658049095,11474,0
2024-02-01,NODRIX (A4H),NODRIX DIARIO 5MG COMR BLX60,7896658049095,9243,0
2024-08-01,XOREL (A4H),XOREL D 10MG COM EFERV BLAX20 (B1),7896658025525,24080,10908
2024-07-01,XOREL (A4H),XOREL D 10MG COM EFERV BLAX20 (B1),7896658025525,34825,17098
2024-05-01,XOREL (A4H),XOREL D 10MG COM EFERV BLAX20 (B1),7896658025525,31273,14837
2024-09-01,XOREL (A4H),XOREL D 10MG COM EFERV BLAX20 (B1),7896658025525,18991,11383
2024-04-01,XOREL (A4H),XOREL D 10MG COM EFERV BLAX20 (B1),7896658025525,30065,13940
2024-10-01,XOREL (A4H),XOREL D 10MG COM EFERV BLAX20 (B1),7896658025525,22990,12115
2024-03-01,XOREL (A4H),XOREL D 10MG COM EFERV BLAX20 (B1),7896658025525,31108,13806
2024-12-01,XOREL (A4H),XOREL D 10MG COM EFERV BLAX20 (B1),7896658025525,17603,11372
2024-11-01,XOREL (A4H),XOREL D 10MG COM EFERV BLAX20 (B1),7896658025525,20002,11465
2024-02-01,XOREL (A4H),XOREL D 10MG COM EFERV BLAX20 (B1),7896658025525,29628,12288
2024-01-01,XOREL (A4H),XOREL D 10MG COM EFERV BLAX20 (B1),7896658025525,30748,13101
2024-06-01,XOREL (A4H),XOREL D 10MG COM EFERV BLAX20 (B1),7896658025525,29501,14764
2024-08-01,BELLVIA (A4H),BELLVIA FOLICO COMR BLX45,7896658003653,66346,1472
2024-07-01,BELLVIA (A4H),BELLVIA FOLICO COMR BLX45,7896658003653,64015,19
2024-05-01,BELLVIA (A4H),BELLVIA FOLICO COMR BLX45,7896658003653,59990,0
2024-09-01,BELLVIA (A4H),BELLVIA FOLICO COMR BLX45,7896658003653,65814,13
2024-04-01,BELLVIA (A4H),BELLVIA FOLICO COMR BLX45,7896658003653,55092,0
2024-06-01,BELLVIA (A4H),BELLVIA FOLICO COMR BLX45,7896658003653,58871,0
2024-10-01,BELLVIA (A4H),BELLVIA FOLICO COMR BLX45,7896658003653,87644,0
2024-03-01,BELLVIA (A4H),BELLVIA FOLICO COMR BLX45,7896658003653,54171,0
2024-12-01,BELLVIA (A4H),BELLVIA FOLICO COMR BLX45,7896658003653,69408,1528
2024-11-01,BELLVIA (A4H),BELLVIA FOLICO COMR BLX45,7896658003653,69173,1441
2024-02-01,BELLVIA (A4H),BELLVIA FOLICO COMR BLX45,7896658003653,52902,0
2024-01-01,BELLVIA (A4H),BELLVIA FOLICO COMR BLX45,7896658003653,52320,0
2024-12-01,YUNELIS (A4H),YUNELIS 30 3+0.03MG COMR BLX21,7896658048227,1247,50
2024-04-01,YUNELIS (A4H),YUNELIS 30 3+0.03MG COMR BLX21,7896658048227,463,0
2024-10-01,YUNELIS (A4H),YUNELIS 30 3+0.03MG COMR BLX21,7896658048227,1012,0
2024-05-01,YUNELIS (A4H),YUNELIS 30 3+0.03MG COMR BLX21,7896658048227,423,0
2024-03-01,YUNELIS (A4H),YUNELIS 30 3+0.03MG COMR BLX21,7896658048227,271,0
2024-11-01,YUNELIS (A4H),YUNELIS 30 3+0.03MG COMR BLX21,7896658048227,1156,34
2024-07-01,YUNELIS (A4H),YUNELIS 30 3+0.03MG COMR BLX21,7896658048227,545,0
2024-06-01,YUNELIS (A4H),YUNELIS 30 3+0.03MG COMR BLX21,7896658048227,404,0
2024-08-01,YUNELIS (A4H),YUNELIS 30 3+0.03MG COMR BLX21,7896658048227,712,11
2024-09-01,YUNELIS (A4H),YUNELIS 30 3+0.03MG COMR BLX21,7896658048227,791,0
2024-02-01,YUNELIS (A4H),YUNELIS 30 3+0.03MG COMR BLX21,7896658048227,87,0
2024-08-01,DORMAVIX (A4H),DORMAVIX 250MG CAP FRX120,7896658020995,10719,8388
2024-07-01,DORMAVIX (A4H),DORMAVIX 250MG CAP FRX120,7896658020995,11303,9415
2024-05-01,DORMAVIX (A4H),DORMAVIX 250MG CAP FRX120,7896658020995,12238,10246
2024-09-01,DORMAVIX (A4H),DORMAVIX 250MG CAP FRX120,7896658020995,9462,8136
2024-04-01,DORMAVIX (A4H),DORMAVIX 250MG CAP FRX120,7896658020995,11393,9755
2024-06-01,DORMAVIX (A4H),DORMAVIX 250MG CAP FRX120,7896658020995,11834,10272
2024-10-01,DORMAVIX (A4H),DORMAVIX 250MG CAP FRX120,7896658020995,8988,7619
2024-03-01,DORMAVIX (A4H),DORMAVIX 250MG CAP FRX120,7896658020995,14276,12456
2024-12-01,DORMAVIX (A4H),DORMAVIX 250MG CAP FRX120,7896658020995,6767,5389
2024-11-01,DORMAVIX (A4H),DORMAVIX 250MG CAP FRX120,7896658020995,7106,5649
2024-02-01,DORMAVIX (A4H),DORMAVIX 250MG CAP FRX120,7896658020995,12353,10321
2024-01-01,DORMAVIX (A4H),DORMAVIX 250MG CAP FRX120,7896658020995,12880,11168
2024-05-01,REGLORIN (A4H),REGLORIN 24MG BLX30 CL (C1),7896658029257,1460,1033
2024-04-01,REGLORIN (A4H),REGLORIN 24MG BLX30 CL (C1),7896658029257,1280,939
2024-06-01,REGLORIN (A4H),REGLORIN 24MG BLX30 CL (C1),7896658029257,1428,1031
2024-03-01,REGLORIN (A4H),REGLORIN 24MG BLX30 CL (C1),7896658029257,1480,1091
2024-08-01,REGLORIN (A4H),REGLORIN 24MG BLX30 CL (C1),7896658029257,1721,1166
2024-09-01,REGLORIN (A4H),REGLORIN 24MG BLX30 CL (C1),7896658029257,1589,1166
2024-10-01,REGLORIN (A4H),REGLORIN 24MG BLX30 CL (C1),7896658029257,1430,1124
2024-11-01,REGLORIN (A4H),REGLORIN 24MG BLX30 CL (C1),7896658029257,928,909
2024-07-01,REGLORIN (A4H),REGLORIN 24MG BLX30 CL (C1),7896658029257,1619,1054
2024-02-01,REGLORIN (A4H),REGLORIN 24MG BLX30 CL (C1),7896658029257,1259,884
2024-01-01,REGLORIN (A4H),REGLORIN 24MG BLX30 CL (C1),7896658029257,1339,939
2024-12-01,REGLORIN (A4H),REGLORIN 24MG BLX30 CL (C1),7896658029257,786,750
2024-08-01,TRAMOXIL (A4H),TRAMOXIL 500MG COMR BLX60 (C1),7896658039027,12219,1006
2024-07-01,TRAMOXIL (A4H),TRAMOXIL 500MG COMR BLX60 (C1),7896658039027,12294,33
2024-05-01,TRAMOXIL (A4H),TRAMOXIL 500MG COMR BLX60 (C1),7896658039027,12250,0
2024-09-01,TRAMOXIL (A4H),TRAMOXIL 500MG COMR BLX60 (C1),7896658039027,11584,8
2024-06-01,TRAMOXIL (A4H),TRAMOXIL 500MG COMR BLX60 (C1),7896658039027,11725,0
2024-10-01,TRAMOXIL (A4H),TRAMOXIL 500MG COMR BLX60 (C1),7896658039027,11875,0
2024-03-01,TRAMOXIL (A4H),TRAMOXIL 500MG COMR BLX60 (C1),7896658039027,12765,0
2024-12-01,TRAMOXIL (A4H),TRAMOXIL 500MG COMR BLX60 (C1),7896658039027,11836,880
2024-11-01,TRAMOXIL (A4H),TRAMOXIL 500MG COMR BLX60 (C1),7896658039027,11340,749
2024-02-01,TRAMOXIL (A4H),TRAMOXIL 500MG COMR BLX60 (C1),7896658039027,10961,0
2024-01-01,TRAMOXIL (A4H),TRAMOXIL 500MG COMR BLX60 (C1),7896658039027,11697,17
2024-04-01,TRAMOXIL (A4H),TRAMOXIL 500MG COMR BLX60 (C1),7896658039027,10897,0
2024-06-01,TAVANTIS (A4H),TAVANTIS PATCH 27MG ADES TRANS SACX30 C1,7896658034947,796,349
2024-11-01,TAVANTIS (A4H),TAVANTIS PATCH 27MG ADES TRANS SACX30 C1,7896658034947,1153,569
2024-01-01,TAVANTIS (A4H),TAVANTIS PATCH 27MG ADES TRANS SACX30 C1,7896658034947,662,269
2024-08-01,TAVANTIS (A4H),TAVANTIS PATCH 27MG ADES TRANS SACX30 C1,7896658034947,996,425
2024-07-01,TAVANTIS (A4H),TAVANTIS PATCH 27MG ADES TRANS SACX30 C1,7896658034947,932,413
2024-02-01,TAVANTIS (A4H),TAVANTIS PATCH 27MG ADES TRANS SACX30 C1,7896658034947,665,268
2024-05-01,TAVANTIS (A4H),TAVANTIS PATCH 27MG ADES TRANS SACX30 C1,7896658034947,834,339
2024-10-01,TAVANTIS (A4H),TAVANTIS PATCH 27MG ADES TRANS SACX30 C1,7896658034947,1131,493
2024-09-01,TAVANTIS (A4H),TAVANTIS PATCH 27MG ADES TRANS SACX30 C1,7896658034947,1009,430
2024-04-01,TAVANTIS (A4H),TAVANTIS PATCH 27MG ADES TRANS SACX30 C1,7896658034947,706,289
2024-12-01,TAVANTIS (A4H),TAVANTIS PATCH 27MG ADES TRANS SACX30 C1,7896658034947,1130,626
2024-03-01,TAVANTIS (A4H),TAVANTIS PATCH 27MG ADES TRANS SACX30 C1,7896658034947,801,354
2024-08-01,OCULYRA (A4H),OCULYRA 0.15% SOL OFT FRX10ML,7896658034541,31804,1025
2024-07-01,OCULYRA (A4H),OCULYRA 0.15% SOL OFT FRX10ML,7896658034541,29876,28
2024-05-01,OCULYRA (A4H),OCULYRA 0.15% SOL OFT FRX10ML,7896658034541,27640,0
2024-09-01,OCULYRA (A4H),OCULYRA 0.15% SOL OFT FRX10ML,7896658034541,30611,8
2024-04-01,OCULYRA (A4H),OCULYRA 0.15% SOL OFT FRX10ML,7896658034541,28799,0
2024-06-01,OCULYRA (A4H),OCULYRA 0.15% SOL OFT FRX10ML,7896658034541,27611,0
2024-10-01,OCULYRA (A4H),OCULYRA 0.15% SOL OFT FRX10ML,7896658034541,31284,0
2024-03-01,OCULYRA (A4H),OCULYRA 0.15% SOL OFT FRX10ML,7896658034541,28527,0
2024-12-01,OCULYRA (A4H),OCULYRA 0.15% SOL OFT FRX10ML,7896658034541,29033,0
2024-11-01,OCULYRA (A4H),OCULYRA 0.15% SOL OFT FRX10ML,7896658034541,28497,0
2024-02-01,OCULYRA (A4H),OCULYRA 0.15% SOL OFT FRX10ML,7896658034541,24596,0
2024-01-01,OCULYRA (A4H),OCULYRA 0.15% SOL OFT FRX10ML,7896658034541,25105,0
2024-08-01,FRESANA (A4H),FRESANA AQ NA 32MCG 120D S/CO,7896181915171,190394,1344
2024-07-01,FRESANA (A4H),FRESANA AQ NA 32MCG 120D S/CO,7896181915171,169955,64
2024-05-01,FRESANA (A4H),FRESANA AQ NA 32MCG 120D S/CO,7896181915171,148235,0
2024-09-01,FRESANA (A4H),FRESANA AQ NA 32MCG 120D S/CO,7896181915171,193297,23
2024-04-01,FRESANA (A4H),FRESANA AQ NA 32MCG 120D S/CO,7896181915171,139252,10
2024-06-01,FRESANA (A4H),FRESANA AQ NA 32MCG 120D S/CO,7896181915171,167967,0
2024-10-01,FRESANA (A4H),FRESANA AQ NA 32MCG 120D S/CO,7896181915171,156439,0
2024-03-01,FRESANA (A4H),FRESANA AQ NA 32MCG 120D S/CO,7896181915171,127750.01999999999,1481
2024-12-01,FRESANA (A4H),FRESANA AQ NA 32MCG 120D S/CO,7896181915171,136475,1614
2024-11-01,FRESANA (A4H),FRESANA AQ NA 32MCG 120D S/CO,7896181915171,144169,1408
2024-02-01,FRESANA (A4H),FRESANA AQ NA 32MCG 120D S/CO,7896181915171,104623.62,6701
2024-01-01,FRESANA (A4H),FRESANA AQ NA 32MCG 120D S/CO,7896181915171,88841.89000000003,6902
2024-10-01,YUNELIS (A4H),YUNELIS 20 3+0.02MG COMR BLX24,7896658048203,2021,0
2024-11-01,YUNELIS (A4H),YUNELIS 20 3+0.02MG COMR BLX24,7896658048203,2305,77
2024-05-01,YUNELIS (A4H),YUNELIS 20 3+0.02MG COMR BLX24,7896658048203,492,0
2024-09-01,YUNELIS (A4H),YUNELIS 20 3+0.02MG COMR BLX24,7896658048203,1503,1
2024-08-01,YUNELIS (A4H),YUNELIS 20 3+0.02MG COMR BLX24,7896658048203,1239,35
2024-12-01,YUNELIS (A4H),YUNELIS 20 3+0.02MG COMR BLX24,7896658048203,2568,121
2024-07-01,YUNELIS (A4H),YUNELIS 20 3+0.02MG COMR BLX24,7896658048203,847,0
2024-06-01,YUNELIS (A4H),YUNELIS 20 3+0.02MG COMR BLX24,7896658048203,613,0
2024-04-01,YUNELIS (A4H),YUNELIS 20 3+0.02MG COMR BLX24,7896658048203,494,0
2024-03-01,YUNELIS (A4H),YUNELIS 20 3+0.02MG COMR BLX24,7896658048203,174,0
2024-08-01,DAERMA (A4H),DAERMA CREM BGX30G,7896658000560,38993,804
2024-07-01,DAERMA (A4H),DAERMA CREM BGX30G,7896658000560,36774,19
2024-05-01,DAERMA (A4H),DAERMA CREM BGX30G,7896658000560,41879,0
2024-09-01,DAERMA (A4H),DAERMA CREM BGX30G,7896658000560,33521,10
2024-04-01,DAERMA (A4H),DAERMA CREM BGX30G,7896658000560,40892,0
2024-06-01,DAERMA (A4H),DAERMA CREM BGX30G,7896658000560,39848,0
2024-10-01,DAERMA (A4H),DAERMA CREM BGX30G,7896658000560,36576,0
2024-03-01,DAERMA (A4H),DAERMA CREM BGX30G,7896658000560,42325,0
2024-12-01,DAERMA (A4H),DAERMA CREM BGX30G,7896658000560,38330,0
2024-11-01,DAERMA (A4H),DAERMA CREM BGX30G,7896658000560,37047,0
2024-02-01,DAERMA (A4H),DAERMA CREM BGX30G,7896658000560,39219,0
2024-01-01,DAERMA (A4H),DAERMA CREM BGX30G,7896658000560,42040,12
2024-08-01,KALVEN (A4H),KALVEN 250MG COM BLX14,7896658034015,2535,96
2024-05-01,KALVEN (A4H),KALVEN 250MG COM BLX14,7896658034015,2471,0
2024-12-01,KALVEN (A4H),KALVEN 250MG COM BLX14,7896658034015,2616,0
2024-02-01,KALVEN (A4H),KALVEN 250MG COM BLX14,7896658034015,2154,0
2024-09-01,KALVEN (A4H),KALVEN 250MG COM BLX14,7896658034015,2438,2
2024-04-01,KALVEN (A4H),KALVEN 250MG COM BLX14,7896658034015,2607,0
2024-06-01,KALVEN (A4H),KALVEN 250MG COM BLX14,7896658034015,2225,0
2024-10-01,KALVEN (A4H),KALVEN 250MG COM BLX14,7896658034015,2603,0
2024-11-01,KALVEN (A4H),KALVEN 250MG COM BLX14,7896658034015,2514,0
2024-03-01,KALVEN (A4H),KALVEN 250MG COM BLX14,7896658034015,2524,0
2024-07-01,KALVEN (A4H),KALVEN 250MG COM BLX14,7896658034015,2362,3
2024-01-01,KALVEN (A4H),KALVEN 250MG COM BLX14,7896658034015,2128,5
2024-07-01,YUNELIS (A4H),YUNELIS CONTI 3/0.03MG COMR BLX28,7896658040221,2902,1
2024-05-01,YUNELIS (A4H),YUNELIS CONTI 3/0.03MG COMR BLX28,7896658040221,2321,0
2024-09-01,YUNELIS (A4H),YUNELIS CONTI 3/0.03MG COMR BLX28,7896658040221,3326,2
2024-06-01,YUNELIS (A4H),YUNELIS CONTI 3/0.03MG COMR BLX28,7896658040221,2488,0
2024-12-01,YUNELIS (A4H),YUNELIS CONTI 3/0.03MG COMR BLX28,7896658040221,4086,132
2024-11-01,YUNELIS (A4H),YUNELIS CONTI 3/0.03MG COMR BLX28,7896658040221,3902,86
2024-01-01,YUNELIS (A4H),YUNELIS CONTI 3/0.03MG COMR BLX28,7896658040221,2043,0
2024-10-01,YUNELIS (A4H),YUNELIS CONTI 3/0.03MG COMR BLX28,7896658040221,3738,0
2024-08-01,YUNELIS (A4H),YUNELIS CONTI 3/0.03MG COMR BLX28,7896658040221,2969,84
2024-04-01,YUNELIS (A4H),YUNELIS CONTI 3/0.03MG COMR BLX28,7896658040221,2122,0
2024-03-01,YUNELIS (A4H),YUNELIS CONTI 3/0.03MG COMR BLX28,7896658040221,2038,0
2024-02-01,YUNELIS (A4H),YUNELIS CONTI 3/0.03MG COMR BLX28,7896658040221,1958,0
2024-08-01,REGLORIN (A4H),REGLORIN 16MG BLX30 CL (C1),7896658029240,1066,753
2024-05-01,REGLORIN (A4H),REGLORIN 16MG BLX30 CL (C1),7896658029240,1188,817
2024-11-01,REGLORIN (A4H),REGLORIN 16MG BLX30 CL (C1),7896658029240,1163,800
2024-01-01,REGLORIN (A4H),REGLORIN 16MG BLX30 CL (C1),7896658029240,1161,741
2024-04-01,REGLORIN (A4H),REGLORIN 16MG BLX30 CL (C1),7896658029240,1170,817
2024-03-01,REGLORIN (A4H),REGLORIN 16MG BLX30 CL (C1),7896658029240,1212,859
2024-02-01,REGLORIN (A4H),REGLORIN 16MG BLX30 CL (C1),7896658029240,1109,717
2024-07-01,REGLORIN (A4H),REGLORIN 16MG BLX30 CL (C1),7896658029240,1250,829
2024-10-01,REGLORIN (A4H),REGLORIN 16MG BLX30 CL (C1),7896658029240,1218,783
2024-12-01,REGLORIN (A4H),REGLORIN 16MG BLX30 CL (C1),7896658029240,1083,808
2024-09-01,REGLORIN (A4H),REGLORIN 16MG BLX30 CL (C1),7896658029240,809,726
2024-06-01,REGLORIN (A4H),REGLORIN 16MG BLX30 CL (C1),7896658029240,1086,768
2024-08-01,DORMAVIX (A4H),DORMAVIX 500MG COMR FRX60,7896658047817,1316,71
2024-10-01,DORMAVIX (A4H),DORMAVIX 500MG COMR FRX60,7896658047817,3348,319
2024-12-01,DORMAVIX (A4H),DORMAVIX 500MG COMR FRX60,7896658047817,5280,2876
2024-09-01,DORMAVIX (A4H),DORMAVIX 500MG COMR FRX60,7896658047817,2226,797
2024-11-01,DORMAVIX (A4H),DORMAVIX 500MG COMR FRX60,7896658047817,4260,1452
2024-07-01,DORMAVIX (A4H),DORMAVIX 500MG COMR FRX60,7896658047817,596,0
2024-08-01,FRESANA (A4H),FRESANA AQ NA 100MCG 120D S/CO,7896181913719,14841.02,516
2024-05-01,FRESANA (A4H),FRESANA AQ NA 100MCG 120D S/CO,7896181913719,15674.050000000001,0
2024-06-01,FRESANA (A4H),FRESANA AQ NA 100MCG 120D S/CO,7896181913719,16056.01,0
2024-10-01,FRESANA (A4H),FRESANA AQ NA 100MCG 120D S/CO,7896181913719,12194.03,0
2024-03-01,FRESANA (A4H),FRESANA AQ NA 100MCG 120D S/CO,7896181913719,13187.02,458
2024-12-01,FRESANA (A4H),FRESANA AQ NA 100MCG 120D S/CO,7896181913719,11534.02,561
2024-11-01,FRESANA (A4H),FRESANA AQ NA 100MCG 120D S/CO,7896181913719,11463.01,542
2024-02-01,FRESANA (A4H),FRESANA AQ NA 100MCG 120D S/CO,7896181913719,11557.02,2311
2024-01-01,FRESANA (A4H),FRESANA AQ NA 100MCG 120D S/CO,7896181913719,10772.01,2530
2024-07-01,FRESANA (A4H),FRESANA AQ NA 100MCG 120D S/CO,7896181913719,15865.01,15
2024-09-01,FRESANA (A4H),FRESANA AQ NA 100MCG 120D S/CO,7896181913719,14077.03,14
2024-04-01,FRESANA (A4H),FRESANA AQ NA 100MCG 120D S/CO,7896181913719,13930.03,8
2024-12-01,DORMAVIX (A4H),DORMAVIX 500MG COMR FRX120,7896658047824,1754,0
2024-11-01,DORMAVIX (A4H),DORMAVIX 500MG COMR FRX120,7896658047824,1746,5
2024-08-01,DORMAVIX (A4H),DORMAVIX 500MG COMR FRX120,7896658047824,919,78
2024-09-01,DORMAVIX (A4H),DORMAVIX 500MG COMR FRX120,7896658047824,1586,825
2024-10-01,DORMAVIX (A4H),DORMAVIX 500MG COMR FRX120,7896658047824,1651,10
2024-07-01,DORMAVIX (A4H),DORMAVIX 500MG COMR FRX120,7896658047824,451,1
2024-08-01,DAERMA (A4H),DAERMA POM BGX30G,7896658000577,34425,556
2024-07-01,DAERMA (A4H),DAERMA POM BGX30G,7896658000577,33580,10
2024-05-01,DAERMA (A4H),DAERMA POM BGX30G,7896658000577,37319,0
2024-09-01,DAERMA (A4H),DAERMA POM BGX30G,7896658000577,30477,1
2024-06-01,DAERMA (A4H),DAERMA POM BGX30G,7896658000577,34923,0
2024-10-01,DAERMA (A4H),DAERMA POM BGX30G,7896658000577,35189,0
2024-03-01,DAERMA (A4H),DAERMA POM BGX30G,7896658000577,36707,0
2024-12-01,DAERMA (A4H),DAERMA POM BGX30G,7896658000577,34438,0
2024-11-01,DAERMA (A4H),DAERMA POM BGX30G,7896658000577,32561,0
2024-02-01,DAERMA (A4H),DAERMA POM BGX30G,7896658000577,34375,0
2024-01-01,DAERMA (A4H),DAERMA POM BGX30G,7896658000577,37187,3
2024-04-01,DAERMA (A4H),DAERMA POM BGX30G,7896658000577,36182,0
2024-08-01,VIZTAL (A4H),VIZTAL 0.5% SOLOFT FRX10ML,7896658040160,9572,236
2024-05-01,VIZTAL (A4H),VIZTAL 0.5% SOLOFT FRX10ML,7896658040160,5290,0
2024-09-01,VIZTAL (A4H),VIZTAL 0.5% SOLOFT FRX10ML,7896658040160,9591,3
2024-04-01,VIZTAL (A4H),VIZTAL 0.5% SOLOFT FRX10ML,7896658040160,5154,0
2024-06-01,VIZTAL (A4H),VIZTAL 0.5% SOLOFT FRX10ML,7896658040160,6391,0
2024-11-01,VIZTAL (A4H),VIZTAL 0.5% SOLOFT FRX10ML,7896658040160,8748,0
2024-01-01,VIZTAL (A4H),VIZTAL 0.5% SOLOFT FRX10ML,7896658040160,2977,0
2024-10-01,VIZTAL (A4H),VIZTAL 0.5% SOLOFT FRX10ML,7896658040160,9611,0
2024-12-01,VIZTAL (A4H),VIZTAL 0.5% SOLOFT FRX10ML,7896658040160,8432,0
2024-02-01,VIZTAL (A4H),VIZTAL 0.5% SOLOFT FRX10ML,7896658040160,3510,0
2024-07-01,VIZTAL (A4H),VIZTAL 0.5% SOLOFT FRX10ML,7896658040160,8186,3
2024-03-01,VIZTAL (A4H),VIZTAL 0.5% SOLOFT FRX10ML,7896658040160,4457,0
2024-07-01,TRIXOLIN (A4H),TRIXOLIN 4% CREM 1BGX5G,7896181909088,12855,1842
2024-05-01,TRIXOLIN (A4H),TRIXOLIN 4% CREM 1BGX5G,7896181909088,12202,1525
2024-09-01,TRIXOLIN (A4H),TRIXOLIN 4% CREM 1BGX5G,7896181909088,11861,1967
2024-04-01,TRIXOLIN (A4H),TRIXOLIN 4% CREM 1BGX5G,7896181909088,12527,389
2024-06-01,TRIXOLIN (A4H),TRIXOLIN 4% CREM 1BGX5G,7896181909088,12354,1615
2024-03-01,TRIXOLIN (A4H),TRIXOLIN 4% CREM 1BGX5G,7896181909088,11786,0
2024-12-01,TRIXOLIN (A4H),TRIXOLIN 4% CREM 1BGX5G,7896181909088,10917,1730
2024-11-01,TRIXOLIN (A4H),TRIXOLIN 4% CREM 1BGX5G,7896181909088,11921,1752
2024-02-01,TRIXOLIN (A4H),TRIXOLIN 4% CREM 1BGX5G,7896181909088,9878,0
2024-08-01,TRIXOLIN (A4H),TRIXOLIN 4% CREM 1BGX5G,7896181909088,12792,2032
2024-10-01,TRIXOLIN (A4H),TRIXOLIN 4% CREM 1BGX5G,7896181909088,12391,1917
2024-01-01,TRIXOLIN (A4H),TRIXOLIN 4% CREM 1BGX5G,7896181909088,9986,0
2024-08-01,FRESANA (A4H),FRESANA AQ NA 64MCG 120D S/CO,7896181915188,76946.26999999997,1592
2024-07-01,FRESANA (A4H),FRESANA AQ NA 64MCG 120D S/CO,7896181915188,75188.3,63
2024-05-01,FRESANA (A4H),FRESANA AQ NA 64MCG 120D S/CO,7896181915188,63388.02,0
2024-09-01,FRESANA (A4H),FRESANA AQ NA 64MCG 120D S/CO,7896181915188,73826.4,27
2024-04-01,FRESANA (A4H),FRESANA AQ NA 64MCG 120D S/CO,7896181915188,55173,7
2024-06-01,FRESANA (A4H),FRESANA AQ NA 64MCG 120D S/CO,7896181915188,72022.20000000001,0
2024-10-01,FRESANA (A4H),FRESANA AQ NA 64MCG 120D S/CO,7896181915188,46396.38,0
2024-03-01,FRESANA (A4H),FRESANA AQ NA 64MCG 120D S/CO,7896181915188,47094.01,938
2024-12-01,FRESANA (A4H),FRESANA AQ NA 64MCG 120D S/CO,7896181915188,59730.27000000001,0
2024-11-01,FRESANA (A4H),FRESANA AQ NA 64MCG 120D S/CO,7896181915188,47062.310000000005,0
2024-02-01,FRESANA (A4H),FRESANA AQ NA 64MCG 120D S/CO,7896181915188,38360.8,4331
2024-01-01,FRESANA (A4H),FRESANA AQ NA 64MCG 120D S/CO,7896181915188,29477.200000000004,3845
2024-08-01,GROMAL (A4H),GROMAL 4MG GRAN 30SACX350MG,7896658019531,10856,463
2024-07-01,GROMAL (A4H),GROMAL 4MG GRAN 30SACX350MG,7896658019531,11654,10
2024-05-01,GROMAL (A4H),GROMAL 4MG GRAN 30SACX350MG,7896658019531,9361,0
2024-09-01,GROMAL (A4H),GROMAL 4MG GRAN 30SACX350MG,7896658019531,10168,6
2024-04-01,GROMAL (A4H),GROMAL 4MG GRAN 30SACX350MG,7896658019531,7045,0
2024-06-01,GROMAL (A4H),GROMAL 4MG GRAN 30SACX350MG,7896658019531,11510,0
2024-10-01,GROMAL (A4H),GROMAL 4MG GRAN 30SACX350MG,7896658019531,9647,0
2024-03-01,GROMAL (A4H),GROMAL 4MG GRAN 30SACX350MG,7896658019531,4524,0
2024-12-01,GROMAL (A4H),GROMAL 4MG GRAN 30SACX350MG,7896658019531,6012,0
2024-11-01,GROMAL (A4H),GROMAL 4MG GRAN 30SACX350MG,7896658019531,7954,0
2024-02-01,GROMAL (A4H),GROMAL 4MG GRAN 30SACX350MG,7896658019531,2735,0
2024-01-01,GROMAL (A4H),GROMAL 4MG GRAN 30SACX350MG,7896658019531,410,0
2024-08-01,ZERENT (A4H),ZERENT 500MG CAP FRX90,7896658026508,5827,499
2024-07-01,ZERENT (A4H),ZERENT 500MG CAP FRX90,7896658026508,5650,43
2024-09-01,ZERENT (A4H),ZERENT 500MG CAP FRX90,7896658026508,5231,11
2024-04-01,ZERENT (A4H),ZERENT 500MG CAP FRX90,7896658026508,4927,0
2024-06-01,ZERENT (A4H),ZERENT 500MG CAP FRX90,7896658026508,5291,0
2024-10-01,ZERENT (A4H),ZERENT 500MG CAP FRX90,7896658026508,5471,0
2024-12-01,ZERENT (A4H),ZERENT 500MG CAP FRX90,7896658026508,5025,0
2024-11-01,ZERENT (A4H),ZERENT 500MG CAP FRX90,7896658026508,4950,0
2024-02-01,ZERENT (A4H),ZERENT 500MG CAP FRX90,7896658026508,4657,11
2024-01-01,ZERENT (A4H),ZERENT 500MG CAP FRX90,7896658026508,4316,26
2024-05-01,ZERENT (A4H),ZERENT 500MG CAP FRX90,7896658026508,5325,0
2024-03-01,ZERENT (A4H),ZERENT 500MG CAP FRX90,7896658026508,5229,0
2024-08-01,PLUVANT (A4H),PLUVANT 50MG/ML SOL 2FRX50ML VALSPR,7896658038693,3117,190
2024-07-01,PLUVANT (A4H),PLUVANT 50MG/ML SOL 2FRX50ML VALSPR,7896658038693,3176,16
2024-05-01,PLUVANT (A4H),PLUVANT 50MG/ML SOL 2FRX50ML VALSPR,7896658038693,3102,0
2024-04-01,PLUVANT (A4H),PLUVANT 50MG/ML SOL 2FRX50ML VALSPR,7896658038693,3021,0
2024-06-01,PLUVANT (A4H),PLUVANT 50MG/ML SOL 2FRX50ML VALSPR,7896658038693,2929,0
2024-10-01,PLUVANT (A4H),PLUVANT 50MG/ML SOL 2FRX50ML VALSPR,7896658038693,3229,126
2024-03-01,PLUVANT (A4H),PLUVANT 50MG/ML SOL 2FRX50ML VALSPR,7896658038693,3209,0
2024-11-01,PLUVANT (A4H),PLUVANT 50MG/ML SOL 2FRX50ML VALSPR,7896658038693,3598,1170
2024-02-01,PLUVANT (A4H),PLUVANT 50MG/ML SOL 2FRX50ML VALSPR,7896658038693,3111,0
2024-09-01,PLUVANT (A4H),PLUVANT 50MG/ML SOL 2FRX50ML VALSPR,7896658038693,2785,4
2024-12-01,PLUVANT (A4H),PLUVANT 50MG/ML SOL 2FRX50ML VALSPR,7896658038693,3537,1189
2024-01-01,PLUVANT (A4H),PLUVANT 50MG/ML SOL 2FRX50ML VALSPR,7896658038693,2786,15
2024-08-01,ARTRINAX (A4H),ARTRINAX GRAN 30SACX4G,7896658021268,27154,21452
2024-07-01,ARTRINAX (A4H),ARTRINAX GRAN 30SACX4G,7896658021268,25784,21551
2024-05-01,ARTRINAX (A4H),ARTRINAX GRAN 30SACX4G,7896658021268,26674,22986
2024-09-01,ARTRINAX (A4H),ARTRINAX GRAN 30SACX4G,7896658021268,31525,28147
2024-04-01,ARTRINAX (A4H),ARTRINAX GRAN 30SACX4G,7896658021268,23247,19798
2024-06-01,ARTRINAX (A4H),ARTRINAX GRAN 30SACX4G,7896658021268,28969,25797
2024-10-01,ARTRINAX (A4H),ARTRINAX GRAN 30SACX4G,7896658021268,24654,21090
2024-03-01,ARTRINAX (A4H),ARTRINAX GRAN 30SACX4G,7896658021268,23838,20554
2024-12-01,ARTRINAX (A4H),ARTRINAX GRAN 30SACX4G,7896658021268,23194,20249
2024-11-01,ARTRINAX (A4H),ARTRINAX GRAN 30SACX4G,7896658021268,23256,20564
2024-02-01,ARTRINAX (A4H),ARTRINAX GRAN 30SACX4G,7896658021268,22958,19605
2024-01-01,ARTRINAX (A4H),ARTRINAX GRAN 30SACX4G,7896658021268,23944,20937
2024-04-01,ZELFIR (A4H),ZELFIR SPRAY 2.5MG/0.1ML FRSPRX12ML B1,7896658048173,2059,0
2024-11-01,ZELFIR (A4H),ZELFIR SPRAY 2.5MG/0.1ML FRSPRX12ML B1,7896658048173,2152,562
2024-10-01,ZELFIR (A4H),ZELFIR SPRAY 2.5MG/0.1ML FRSPRX12ML B1,7896658048173,2302,519
2024-02-01,ZELFIR (A4H),ZELFIR SPRAY 2.5MG/0.1ML FRSPRX12ML B1,7896658048173,185,0
2024-07-01,ZELFIR (A4H),ZELFIR SPRAY 2.5MG/0.1ML FRSPRX12ML B1,7896658048173,2092,10
2024-05-01,ZELFIR (A4H),ZELFIR SPRAY 2.5MG/0.1ML FRSPRX12ML B1,7896658048173,1812,0
2024-09-01,ZELFIR (A4H),ZELFIR SPRAY 2.5MG/0.1ML FRSPRX12ML B1,7896658048173,1672,119
2024-06-01,ZELFIR (A4H),ZELFIR SPRAY 2.5MG/0.1ML FRSPRX12ML B1,7896658048173,1710,0
2024-12-01,ZELFIR (A4H),ZELFIR SPRAY 2.5MG/0.1ML FRSPRX12ML B1,7896658048173,2153,446
2024-08-01,ZELFIR (A4H),ZELFIR SPRAY 2.5MG/0.1ML FRSPRX12ML B1,7896658048173,1800,92
2024-03-01,ZELFIR (A4H),ZELFIR SPRAY 2.5MG/0.1ML FRSPRX12ML B1,7896658048173,1362,0
2024-08-01,TRANDIX (A4H),TRANDIX COM BLX15,7896658004704,240218,2180
2024-08-01,QUORAZ (A4H),QUORAZ 25MG COMR BLX30 (C1),7896658015168,35484,1010
2024-07-01,TRANDIX (A4H),TRANDIX COM BLX15,7896658004704,241624,865
2024-07-01,QUORAZ (A4H),QUORAZ 25MG COMR BLX30 (C1),7896658015168,33970,55
2024-05-01,TRANDIX (A4H),TRANDIX COM BLX15,7896658004704,236965,446
2024-05-01,QUORAZ (A4H),QUORAZ 25MG COMR BLX30 (C1),7896658015168,36372,0
2024-09-01,TRANDIX (A4H),TRANDIX COM BLX15,7896658004704,258626,704
2024-09-01,QUORAZ (A4H),QUORAZ 25MG COMR BLX30 (C1),7896658015168,34338,28
2024-04-01,TRANDIX (A4H),TRANDIX COM BLX15,7896658004704,233403,213
2024-04-01,QUORAZ (A4H),QUORAZ 25MG COMR BLX30 (C1),7896658015168,35087,0
2024-06-01,TRANDIX (A4H),TRANDIX COM BLX15,7896658004704,231547,560
2024-06-01,QUORAZ (A4H),QUORAZ 25MG COMR BLX30 (C1),7896658015168,31592,0
2024-10-01,TRANDIX (A4H),TRANDIX COM BLX15,7896658004704,255586,626
2024-03-01,TRANDIX (A4H),TRANDIX COM BLX15,7896658004704,226707,161
2024-03-01,QUORAZ (A4H),QUORAZ 25MG COMR BLX30 (C1),7896658015168,35554,0
2024-12-01,QUORAZ (A4H),QUORAZ 25MG COMR BLX30 (C1),7896658015168,32927,0
2024-12-01,TRANDIX (A4H),TRANDIX COM BLX15,7896658004704,228615,420
2024-11-01,TRANDIX (A4H),TRANDIX COM BLX15,7896658004704,245016,551
2024-11-01,QUORAZ (A4H),QUORAZ 25MG COMR BLX30 (C1),7896658015168,32327,0
2024-02-01,QUORAZ (A4H),QUORAZ 25MG COMR BLX30 (C1),7896658015168,35369,0
2024-02-01,TRANDIX (A4H),TRANDIX COM BLX15,7896658004704,223110,194
2024-01-01,TRANDIX (A4H),TRANDIX COM BLX15,7896658004704,245942,514
2024-01-01,QUORAZ (A4H),QUORAZ 25MG COMR BLX30 (C1),7896658015168,35659,12
2024-10-01,QUORAZ (A4H),QUORAZ 25MG COMR BLX30 (C1),7896658015168,32751,0
2024-08-01,OSTRYN (A4H),OSTRYN 150MG COMR BLAX3,7896658036019,11666,1369
2024-07-01,OSTRYN (A4H),OSTRYN 150MG COMR BLAX3,7896658036019,12233,133
2024-05-01,OSTRYN (A4H),OSTRYN 150MG COMR BLAX3,7896658036019,12205,0
2024-09-01,OSTRYN (A4H),OSTRYN 150MG COMR BLAX3,7896658036019,10670,12
2024-04-01,OSTRYN (A4H),OSTRYN 150MG COMR BLAX3,7896658036019,11527,0
2024-06-01,OSTRYN (A4H),OSTRYN 150MG COMR BLAX3,7896658036019,12477,2963
2024-10-01,OSTRYN (A4H),OSTRYN 150MG COMR BLAX3,7896658036019,12268,3073
2024-03-01,OSTRYN (A4H),OSTRYN 150MG COMR BLAX3,7896658036019,14805,0
2024-12-01,OSTRYN (A4H),OSTRYN 150MG COMR BLAX3,7896658036019,10844,5
2024-11-01,OSTRYN (A4H),OSTRYN 150MG COMR BLAX3,7896658036019,11160,1
2024-02-01,OSTRYN (A4H),OSTRYN 150MG COMR BLAX3,7896658036019,12475,0
2024-01-01,OSTRYN (A4H),OSTRYN 150MG COMR BLAX3,7896658036019,13126,18
2024-08-01,TAVANTIS (A4H),TAVANTIS PATCH 18MG ADES 30SCH SER C1,7896658034954,2730,1990
2024-07-01,TAVANTIS (A4H),TAVANTIS PATCH 18MG ADES 30SCH SER C1,7896658034954,2404,1826
2024-05-01,TAVANTIS (A4H),TAVANTIS PATCH 18MG ADES 30SCH SER C1,7896658034954,2177,1566
2024-12-01,TAVANTIS (A4H),TAVANTIS PATCH 18MG ADES 30SCH SER C1,7896658034954,3053,2579
2024-02-01,TAVANTIS (A4H),TAVANTIS PATCH 18MG ADES 30SCH SER C1,7896658034954,1821,1259
2024-01-01,TAVANTIS (A4H),TAVANTIS PATCH 18MG ADES 30SCH SER C1,7896658034954,1681,1181
2024-04-01,TAVANTIS (A4H),TAVANTIS PATCH 18MG ADES 30SCH SER C1,7896658034954,1967,1399
2024-09-01,TAVANTIS (A4H),TAVANTIS PATCH 18MG ADES 30SCH SER C1,7896658034954,2554,2013
2024-06-01,TAVANTIS (A4H),TAVANTIS PATCH 18MG ADES 30SCH SER C1,7896658034954,2126,1579
2024-11-01,TAVANTIS (A4H),TAVANTIS PATCH 18MG ADES 30SCH SER C1,7896658034954,2918,2334
2024-10-01,TAVANTIS (A4H),TAVANTIS PATCH 18MG ADES 30SCH SER C1,7896658034954,2876,2295
2024-03-01,TAVANTIS (A4H),TAVANTIS PATCH 18MG ADES 30SCH SER C1,7896658034954,2242,1680
2024-07-01,TAVANTIS (A4H),TAVANTIS PATCH 9MG ADES TRANS SACX30 C1,7896658034930,3149,2193
2024-09-01,TAVANTIS (A4H),TAVANTIS PATCH 9MG ADES TRANS SACX30 C1,7896658034930,3330,2471
2024-04-01,TAVANTIS (A4H),TAVANTIS PATCH 9MG ADES TRANS SACX30 C1,7896658034930,2748,1786
2024-10-01,TAVANTIS (A4H),TAVANTIS PATCH 9MG ADES TRANS SACX30 C1,7896658034930,3549,2578
2024-02-01,TAVANTIS (A4H),TAVANTIS PATCH 9MG ADES TRANS SACX30 C1,7896658034930,2302,1482
2024-01-01,TAVANTIS (A4H),TAVANTIS PATCH 9MG ADES TRANS SACX30 C1,7896658034930,2244,1454
2024-08-01,TAVANTIS (A4H),TAVANTIS PATCH 9MG ADES TRANS SACX30 C1,7896658034930,3343,2279
2024-05-01,TAVANTIS (A4H),TAVANTIS PATCH 9MG ADES TRANS SACX30 C1,7896658034930,2890,1843
2024-06-01,TAVANTIS (A4H),TAVANTIS PATCH 9MG ADES TRANS SACX30 C1,7896658034930,2785,1946
2024-12-01,TAVANTIS (A4H),TAVANTIS PATCH 9MG ADES TRANS SACX30 C1,7896658034930,3850,2949
2024-11-01,TAVANTIS (A4H),TAVANTIS PATCH 9MG ADES TRANS SACX30 C1,7896658034930,3489,2575
2024-03-01,TAVANTIS (A4H),TAVANTIS PATCH 9MG ADES TRANS SACX30 C1,7896658034930,2616,1829
2024-08-01,DAERMA (A4H),DAERMA 20MG CREMDERM BGX10G,7896658007088,10481,146
2024-07-01,DAERMA (A4H),DAERMA 20MG CREMDERM BGX10G,7896658007088,10049,4
2024-09-01,DAERMA (A4H),DAERMA 20MG CREMDERM BGX10G,7896658007088,9826,2
2024-04-01,DAERMA (A4H),DAERMA 20MG CREMDERM BGX10G,7896658007088,11259,0
2024-06-01,DAERMA (A4H),DAERMA 20MG CREMDERM BGX10G,7896658007088,10249,0
2024-10-01,DAERMA (A4H),DAERMA 20MG CREMDERM BGX10G,7896658007088,11529,0
2024-03-01,DAERMA (A4H),DAERMA 20MG CREMDERM BGX10G,7896658007088,11219,0
2024-12-01,DAERMA (A4H),DAERMA 20MG CREMDERM BGX10G,7896658007088,10602,0
2024-11-01,DAERMA (A4H),DAERMA 20MG CREMDERM BGX10G,7896658007088,9397,0
2024-02-01,DAERMA (A4H),DAERMA 20MG CREMDERM BGX10G,7896658007088,10251,0
2024-05-01,DAERMA (A4H),DAERMA 20MG CREMDERM BGX10G,7896658007088,11630,0
2024-01-01,DAERMA (A4H),DAERMA 20MG CREMDERM BGX10G,7896658007088,10867,6
2024-08-01,SLOVERA (A4H),SLOVERA SL 10MG COM SUBL BLX10,7896658038112,66356,1205
2024-07-01,SLOVERA (A4H),SLOVERA SL 10MG COM SUBL BLX10,7896658038112,56839,20
2024-05-01,SLOVERA (A4H),SLOVERA SL 10MG COM SUBL BLX10,7896658038112,69956,0
2024-09-01,SLOVERA (A4H),SLOVERA SL 10MG COM SUBL BLX10,7896658038112,55219,17
2024-04-01,SLOVERA (A4H),SLOVERA SL 10MG COM SUBL BLX10,7896658038112,61982,0
2024-06-01,SLOVERA (A4H),SLOVERA SL 10MG COM SUBL BLX10,7896658038112,62058,0
2024-10-01,SLOVERA (A4H),SLOVERA SL 10MG COM SUBL BLX10,7896658038112,54554,0
2024-03-01,SLOVERA (A4H),SLOVERA SL 10MG COM SUBL BLX10,7896658038112,81826,0
2024-12-01,SLOVERA (A4H),SLOVERA SL 10MG COM SUBL BLX10,7896658038112,36858,0
2024-11-01,SLOVERA (A4H),SLOVERA SL 10MG COM SUBL BLX10,7896658038112,50269,0
2024-02-01,SLOVERA (A4H),SLOVERA SL 10MG COM SUBL BLX10,7896658038112,78502,0
2024-01-01,SLOVERA (A4H),SLOVERA SL 10MG COM SUBL BLX10,7896658038112,82921,30
2024-08-01,UNZERA (A4H),UNZERA 2.5MG CAP BLX90,7896658027079,3687,2687
2024-07-01,UNZERA (A4H),UNZERA 2.5MG CAP BLX90,7896658027079,3705,2786
2024-05-01,UNZERA (A4H),UNZERA 2.5MG CAP BLX90,7896658027079,3399,2604
2024-09-01,UNZERA (A4H),UNZERA 2.5MG CAP BLX90,7896658027079,3093,2464
2024-04-01,UNZERA (A4H),UNZERA 2.5MG CAP BLX90,7896658027079,3464,2743
2024-10-01,UNZERA (A4H),UNZERA 2.5MG CAP BLX90,7896658027079,3112,2362
2024-03-01,UNZERA (A4H),UNZERA 2.5MG CAP BLX90,7896658027079,3833,3145
2024-12-01,UNZERA (A4H),UNZERA 2.5MG CAP BLX90,7896658027079,2934,2373
2024-11-01,UNZERA (A4H),UNZERA 2.5MG CAP BLX90,7896658027079,3025,2456
2024-01-01,UNZERA (A4H),UNZERA 2.5MG CAP BLX90,7896658027079,3474,2816
2024-06-01,UNZERA (A4H),UNZERA 2.5MG CAP BLX90,7896658027079,3586,2806
2024-02-01,UNZERA (A4H),UNZERA 2.5MG CAP BLX90,7896658027079,3397,2628
2024-08-01,LEVRION (A4H),LEVRION XPE FRX120ML,7896658002403,54621,2569
2024-07-01,LEVRION (A4H),LEVRION XPE FRX120ML,7896658002403,56517,238
2024-05-01,LEVRION (A4H),LEVRION XPE FRX120ML,7896658002403,47433,0
2024-09-01,LEVRION (A4H),LEVRION XPE FRX120ML,7896658002403,45764,10
2024-04-01,LEVRION (A4H),LEVRION XPE FRX120ML,7896658002403,36752,0
2024-06-01,LEVRION (A4H),LEVRION XPE FRX120ML,7896658002403,51998,0
2024-10-01,LEVRION (A4H),LEVRION XPE FRX120ML,7896658002403,42891,0
2024-03-01,LEVRION (A4H),LEVRION XPE FRX120ML,7896658002403,31362,0
2024-12-01,LEVRION (A4H),LEVRION XPE FRX120ML,7896658002403,35702,2493
2024-11-01,LEVRION (A4H),LEVRION XPE FRX120ML,7896658002403,41293,2662
2024-02-01,LEVRION (A4H),LEVRION XPE FRX120ML,7896658002403,24869,54
2024-01-01,LEVRION (A4H),LEVRION XPE FRX120ML,7896658002403,24782,10321
2024-08-01,REGLORIN (A4H),REGLORIN 8MG BLX30 CL (C1),7896658029233,1799,1060
2024-01-01,REGLORIN (A4H),REGLORIN 8MG BLX30 CL (C1),7896658029233,1627,975
2024-05-01,REGLORIN (A4H),REGLORIN 8MG BLX30 CL (C1),7896658029233,1607,977
2024-04-01,REGLORIN (A4H),REGLORIN 8MG BLX30 CL (C1),7896658029233,1525,918
2024-06-01,REGLORIN (A4H),REGLORIN 8MG BLX30 CL (C1),7896658029233,1581,978
2024-02-01,REGLORIN (A4H),REGLORIN 8MG BLX30 CL (C1),7896658029233,1473,876
2024-07-01,REGLORIN (A4H),REGLORIN 8MG BLX30 CL (C1),7896658029233,1618,960
2024-03-01,REGLORIN (A4H),REGLORIN 8MG BLX30 CL (C1),7896658029233,1668,1119
2024-10-01,REGLORIN (A4H),REGLORIN 8MG BLX30 CL (C1),7896658029233,1542,1069
2024-11-01,REGLORIN (A4H),REGLORIN 8MG BLX30 CL (C1),7896658029233,1027,912
2024-12-01,REGLORIN (A4H),REGLORIN 8MG BLX30 CL (C1),7896658029233,1147,900
2024-09-01,REGLORIN (A4H),REGLORIN 8MG BLX30 CL (C1),7896658029233,1632,1015
2024-08-01,FRESANA (A4H),FRESANA AQ NA 50MCG 120D S/CO,7896181907176,410553,3654
2024-07-01,FRESANA (A4H),FRESANA AQ NA 50MCG 120D S/CO,7896181907176,368256,151
2024-05-01,FRESANA (A4H),FRESANA AQ NA 50MCG 120D S/CO,7896181907176,303968,0
2024-09-01,FRESANA (A4H),FRESANA AQ NA 50MCG 120D S/CO,7896181907176,429169,68
2024-04-01,FRESANA (A4H),FRESANA AQ NA 50MCG 120D S/CO,7896181907176,288011,29
2024-06-01,FRESANA (A4H),FRESANA AQ NA 50MCG 120D S/CO,7896181907176,331802,0
2024-10-01,FRESANA (A4H),FRESANA AQ NA 50MCG 120D S/CO,7896181907176,389848.07,0
2024-03-01,FRESANA (A4H),FRESANA AQ NA 50MCG 120D S/CO,7896181907176,258049.08000000002,4404
2024-12-01,FRESANA (A4H),FRESANA AQ NA 50MCG 120D S/CO,7896181907176,354718,4481
2024-11-01,FRESANA (A4H),FRESANA AQ NA 50MCG 120D S/CO,7896181907176,365539,4214
2024-02-01,FRESANA (A4H),FRESANA AQ NA 50MCG 120D S/CO,7896181907176,219988.37000000002,21215
2024-01-01,FRESANA (A4H),FRESANA AQ NA 50MCG 120D S/CO,7896181907176,181601.36,21547
2024-08-01,NODRIX (A4H),NODRIX DIARIO 5MG COMR BLX30,7896658034220,26900,1263
2024-07-01,NODRIX (A4H),NODRIX DIARIO 5MG COMR BLX30,7896658034220,28321,30
2024-05-01,NODRIX (A4H),NODRIX DIARIO 5MG COMR BLX30,7896658034220,30098,0
2024-09-01,NODRIX (A4H),NODRIX DIARIO 5MG COMR BLX30,7896658034220,24130,30
2024-04-01,NODRIX (A4H),NODRIX DIARIO 5MG COMR BLX30,7896658034220,28365,0
2024-06-01,NODRIX (A4H),NODRIX DIARIO 5MG COMR BLX30,7896658034220,28424,0
2024-10-01,NODRIX (A4H),NODRIX DIARIO 5MG COMR BLX30,7896658034220,25110,0
2024-03-01,NODRIX (A4H),NODRIX DIARIO 5MG COMR BLX30,7896658034220,30098,0
2024-12-01,NODRIX (A4H),NODRIX DIARIO 5MG COMR BLX30,7896658034220,22677,0
2024-02-01,NODRIX (A4H),NODRIX DIARIO 5MG COMR BLX30,7896658034220,29413,0
2024-01-01,NODRIX (A4H),NODRIX DIARIO 5MG COMR BLX30,7896658034220,34464,140
2024-11-01,NODRIX (A4H),NODRIX DIARIO 5MG COMR BLX30,7896658034220,22156,0
2024-08-01,GELVOR (A4H),GELVOR 40MG COMR BLX28,7896658034435,15663,881
2024-07-01,GELVOR (A4H),GELVOR 40MG COMR BLX28,7896658034435,16737,65
2024-05-01,GELVOR (A4H),GELVOR 40MG COMR BLX28,7896658034435,15408,416
2024-09-01,GELVOR (A4H),GELVOR 40MG COMR BLX28,7896658034435,14351,12
2024-04-01,GELVOR (A4H),GELVOR 40MG COMR BLX28,7896658034435,14690,0
2024-06-01,GELVOR (A4H),GELVOR 40MG COMR BLX28,7896658034435,14795,313
2024-10-01,GELVOR (A4H),GELVOR 40MG COMR BLX28,7896658034435,13863,0
2024-03-01,GELVOR (A4H),GELVOR 40MG COMR BLX28,7896658034435,15483,0
2024-11-01,GELVOR (A4H),GELVOR 40MG COMR BLX28,7896658034435,14118,924
2024-02-01,GELVOR (A4H),GELVOR 40MG COMR BLX28,7896658034435,14264,8
2024-01-01,GELVOR (A4H),GELVOR 40MG COMR BLX28,7896658034435,14858,53
2024-12-01,GELVOR (A4H),GELVOR 40MG COMR BLX28,7896658034435,12928,1017
2024-08-01,XETRAM (A4H),XETRAM 60MG BLAX15 CL,7896658030192,28244,739
2024-07-01,XETRAM (A4H),XETRAM 60MG BLAX15 CL,7896658030192,27406,17
2024-05-01,XETRAM (A4H),XETRAM 60MG BLAX15 CL,7896658030192,25800,0
2024-09-01,XETRAM (A4H),XETRAM 60MG BLAX15 CL,7896658030192,26548,2
2024-04-01,XETRAM (A4H),XETRAM 60MG BLAX15 CL,7896658030192,25650,0
2024-06-01,XETRAM (A4H),XETRAM 60MG BLAX15 CL,7896658030192,25046,0
2024-10-01,XETRAM (A4H),XETRAM 60MG BLAX15 CL,7896658030192,27822,0
2024-03-01,XETRAM (A4H),XETRAM 60MG BLAX15 CL,7896658030192,25171,0
2024-12-01,XETRAM (A4H),XETRAM 60MG BLAX15 CL,7896658030192,24414,0
2024-11-01,XETRAM (A4H),XETRAM 60MG BLAX15 CL,7896658030192,25337,0
2024-02-01,XETRAM (A4H),XETRAM 60MG BLAX15 CL,7896658030192,24327,0
2024-01-01,XETRAM (A4H),XETRAM 60MG BLAX15 CL,7896658030192,26106,3
2024-08-01,NALDRAX (A4H),NALDRAX COM BLX12,7896658005121,22406,537
2024-07-01,NALDRAX (A4H),NALDRAX COM BLX12,7896658005121,22681,11
2024-05-01,NALDRAX (A4H),NALDRAX COM BLX12,7896658005121,21344,0
2024-09-01,NALDRAX (A4H),NALDRAX COM BLX12,7896658005121,20706,10
2024-04-01,NALDRAX (A4H),NALDRAX COM BLX12,7896658005121,20836,0
2024-10-01,NALDRAX (A4H),NALDRAX COM BLX12,7896658005121,20841,1
2024-03-01,NALDRAX (A4H),NALDRAX COM BLX12,7896658005121,20119,0
2024-12-01,NALDRAX (A4H),NALDRAX COM BLX12,7896658005121,20145,0
2024-02-01,NALDRAX (A4H),NALDRAX COM BLX12,7896658005121,19132,0
2024-01-01,NALDRAX (A4H),NALDRAX COM BLX12,7896658005121,19534,9
2024-06-01,NALDRAX (A4H),NALDRAX COM BLX12,7896658005121,22175,0
2024-11-01,NALDRAX (A4H),NALDRAX COM BLX12,7896658005121,19891,0
2024-08-01,OSTAMIR (A4H),OSTAMIR 35MG COMR BLX4,7896658017247,11898,8588
2024-07-01,OSTAMIR (A4H),OSTAMIR 35MG COMR BLX4,7896658017247,11873,8930
2024-09-01,OSTAMIR (A4H),OSTAMIR 35MG COMR BLX4,7896658017247,11042,8646
2024-04-01,OSTAMIR (A4H),OSTAMIR 35MG COMR BLX4,7896658017247,12573,9808
2024-06-01,OSTAMIR (A4H),OSTAMIR 35MG COMR BLX4,7896658017247,12763,9946
2024-03-01,OSTAMIR (A4H),OSTAMIR 35MG COMR BLX4,7896658017247,13630,11251
2024-12-01,OSTAMIR (A4H),OSTAMIR 35MG COMR BLX4,7896658017247,10764,8531
2024-02-01,OSTAMIR (A4H),OSTAMIR 35MG COMR BLX4,7896658017247,12483,9723
2024-01-01,OSTAMIR (A4H),OSTAMIR 35MG COMR BLX4,7896658017247,13642,11000
2024-05-01,OSTAMIR (A4H),OSTAMIR 35MG COMR BLX4,7896658017247,13085,10024
2024-10-01,OSTAMIR (A4H),OSTAMIR 35MG COMR BLX4,7896658017247,12253,9144
2024-11-01,OSTAMIR (A4H),OSTAMIR 35MG COMR BLX4,7896658017247,10591,8152
2024-08-01,ARTRINAX (A4H),ARTRINAX CAP FRX90,7896658004391,23601,19910
2024-07-01,ARTRINAX (A4H),ARTRINAX CAP FRX90,7896658004391,22765,20325
2024-05-01,ARTRINAX (A4H),ARTRINAX CAP FRX90,7896658004391,23995,22336
2024-09-01,ARTRINAX (A4H),ARTRINAX CAP FRX90,7896658004391,24767,23251
2024-04-01,ARTRINAX (A4H),ARTRINAX CAP FRX90,7896658004391,21307,19416
2024-06-01,ARTRINAX (A4H),ARTRINAX CAP FRX90,7896658004391,24397,23025
2024-10-01,ARTRINAX (A4H),ARTRINAX CAP FRX90,7896658004391,20972,19299
2024-03-01,ARTRINAX (A4H),ARTRINAX CAP FRX90,7896658004391,24684,23141
2024-12-01,ARTRINAX (A4H),ARTRINAX CAP FRX90,7896658004391,19975,18577
2024-11-01,ARTRINAX (A4H),ARTRINAX CAP FRX90,7896658004391,20054,18885
2024-02-01,ARTRINAX (A4H),ARTRINAX CAP FRX90,7896658004391,22201,20451
2024-01-01,ARTRINAX (A4H),ARTRINAX CAP FRX90,7896658004391,23532,22236
2024-08-01,TRAMOXIL (A4H),TRAMOXIL 1000MG COMR BLX30 (C1),7896658029356,4212,285
2024-08-01,NALDRAX (A4H),NALDRAX COM SUS BLX12,7896658005084,22255,609
2024-07-01,NALDRAX (A4H),NALDRAX COM SUS BLX12,7896658005084,21778,11
2024-05-01,NALDRAX (A4H),NALDRAX COM SUS BLX12,7896658005084,21433,0
2024-09-01,NALDRAX (A4H),NALDRAX COM SUS BLX12,7896658005084,20670,10
2024-09-01,TRAMOXIL (A4H),TRAMOXIL 1000MG COMR BLX30 (C1),7896658029356,4151,2
2024-04-01,TRAMOXIL (A4H),TRAMOXIL 1000MG COMR BLX30 (C1),7896658029356,4134,0
2024-04-01,NALDRAX (A4H),NALDRAX COM SUS BLX12,7896658005084,20011,0
2024-06-01,NALDRAX (A4H),NALDRAX COM SUS BLX12,7896658005084,21266,0
2024-10-01,NALDRAX (A4H),NALDRAX COM SUS BLX12,7896658005084,21271,0
2024-03-01,NALDRAX (A4H),NALDRAX COM SUS BLX12,7896658005084,20222,0
2024-03-01,TRAMOXIL (A4H),TRAMOXIL 1000MG COMR BLX30 (C1),7896658029356,4883,0
2024-12-01,NALDRAX (A4H),NALDRAX COM SUS BLX12,7896658005084,18884,0
2024-12-01,TRAMOXIL (A4H),TRAMOXIL 1000MG COMR BLX30 (C1),7896658029356,4092,248
2024-11-01,TRAMOXIL (A4H),TRAMOXIL 1000MG COMR BLX30 (C1),7896658029356,3915,232
2024-11-01,NALDRAX (A4H),NALDRAX COM SUS BLX12,7896658005084,18757,0
2024-02-01,NALDRAX (A4H),NALDRAX COM SUS BLX12,7896658005084,18667,0
2024-01-01,NALDRAX (A4H),NALDRAX COM SUS BLX12,7896658005084,18329,18
2024-01-01,TRAMOXIL (A4H),TRAMOXIL 1000MG COMR BLX30 (C1),7896658029356,4477,0
2024-07-01,TRAMOXIL (A4H),TRAMOXIL 1000MG COMR BLX30 (C1),7896658029356,4400,6
2024-05-01,TRAMOXIL (A4H),TRAMOXIL 1000MG COMR BLX30 (C1),7896658029356,4374,0
2024-10-01,TRAMOXIL (A4H),TRAMOXIL 1000MG COMR BLX30 (C1),7896658029356,4042,0
2024-02-01,TRAMOXIL (A4H),TRAMOXIL 1000MG COMR BLX30 (C1),7896658029356,4365,0
2024-06-01,TRAMOXIL (A4H),TRAMOXIL 1000MG COMR BLX30 (C1),7896658029356,4205,0
2024-08-01,SUNZOR (A4H),SUNZOR CAL 2.000 UI COMR BLX30,7896658048654,7305,192
2024-09-01,SUNZOR (A4H),SUNZOR CAL 2.000 UI COMR BLX30,7896658048654,8642,8
2024-06-01,SUNZOR (A4H),SUNZOR CAL 2.000 UI COMR BLX30,7896658048654,3141,0
2024-10-01,SUNZOR (A4H),SUNZOR CAL 2.000 UI COMR BLX30,7896658048654,11101,0
2024-12-01,SUNZOR (A4H),SUNZOR CAL 2.000 UI COMR BLX30,7896658048654,13472,679
2024-11-01,SUNZOR (A4H),SUNZOR CAL 2.000 UI COMR BLX30,7896658048654,12320,632
2024-07-01,SUNZOR (A4H),SUNZOR CAL 2.000 UI COMR BLX30,7896658048654,5231,11
2024-05-01,SUNZOR (A4H),SUNZOR CAL 2.000 UI COMR BLX30,7896658048654,1603,0
2024-04-01,SUNZOR (A4H),SUNZOR CAL 2.000 UI COMR BLX30,7896658048654,187,0
2024-08-01,DORMAVIX (A4H),DORMAVIX 250MG CAP FRX60,7896658020988,7913,3635
2024-07-01,DORMAVIX (A4H),DORMAVIX 250MG CAP FRX60,7896658020988,8129,3819
2024-05-01,DORMAVIX (A4H),DORMAVIX 250MG CAP FRX60,7896658020988,8902,4409
2024-09-01,DORMAVIX (A4H),DORMAVIX 250MG CAP FRX60,7896658020988,7366,3715
2024-04-01,DORMAVIX (A4H),DORMAVIX 250MG CAP FRX60,7896658020988,8808,4150
2024-06-01,DORMAVIX (A4H),DORMAVIX 250MG CAP FRX60,7896658020988,8404,4295
2024-10-01,DORMAVIX (A4H),DORMAVIX 250MG CAP FRX60,7896658020988,7153,2637
2024-03-01,DORMAVIX (A4H),DORMAVIX 250MG CAP FRX60,7896658020988,9181,4548
2024-12-01,DORMAVIX (A4H),DORMAVIX 250MG CAP FRX60,7896658020988,6223,2831
2024-11-01,DORMAVIX (A4H),DORMAVIX 250MG CAP FRX60,7896658020988,6559,2922
2024-01-01,DORMAVIX (A4H),DORMAVIX 250MG CAP FRX60,7896658020988,9138,4600
2024-02-01,DORMAVIX (A4H),DORMAVIX 250MG CAP FRX60,7896658020988,8846,4068
2024-08-01,NUBERON (A4H),NUBERON AD SUSOR FRVDX30ML+PIP,7896658029806,21886,558
2024-07-01,NUBERON (A4H),NUBERON AD SUSOR FRVDX30ML+PIP,7896658029806,21419,2
2024-05-01,NUBERON (A4H),NUBERON AD SUSOR FRVDX30ML+PIP,7896658029806,20547,0
2024-09-01,NUBERON (A4H),NUBERON AD SUSOR FRVDX30ML+PIP,7896658029806,20839,11
2024-04-01,NUBERON (A4H),NUBERON AD SUSOR FRVDX30ML+PIP,7896658029806,20830,0
2024-06-01,NUBERON (A4H),NUBERON AD SUSOR FRVDX30ML+PIP,7896658029806,19949,0
2024-10-01,NUBERON (A4H),NUBERON AD SUSOR FRVDX30ML+PIP,7896658029806,22004,0
2024-03-01,NUBERON (A4H),NUBERON AD SUSOR FRVDX30ML+PIP,7896658029806,19122,0
2024-12-01,NUBERON (A4H),NUBERON AD SUSOR FRVDX30ML+PIP,7896658029806,19334,0
2024-11-01,NUBERON (A4H),NUBERON AD SUSOR FRVDX30ML+PIP,7896658029806,19488,0
2024-02-01,NUBERON (A4H),NUBERON AD SUSOR FRVDX30ML+PIP,7896658029806,18471,0
2024-01-01,NUBERON (A4H),NUBERON AD SUSOR FRVDX30ML+PIP,7896658029806,18121,0
2024-08-01,OSTAMIR (A4H),OSTAMIR 35MG COMR BLX12,7896658038556,5792,4826
2024-07-01,OSTAMIR (A4H),OSTAMIR 35MG COMR BLX12,7896658038556,5374,4712
2024-05-01,OSTAMIR (A4H),OSTAMIR 35MG COMR BLX12,7896658038556,5252,4573
2024-06-01,OSTAMIR (A4H),OSTAMIR 35MG COMR BLX12,7896658038556,5908,5348
2024-10-01,OSTAMIR (A4H),OSTAMIR 35MG COMR BLX12,7896658038556,5616,4675
2024-03-01,OSTAMIR (A4H),OSTAMIR 35MG COMR BLX12,7896658038556,6098,5612
2024-12-01,OSTAMIR (A4H),OSTAMIR 35MG COMR BLX12,7896658038556,4681,4220
2024-11-01,OSTAMIR (A4H),OSTAMIR 35MG COMR BLX12,7896658038556,4696,4106
2024-02-01,OSTAMIR (A4H),OSTAMIR 35MG COMR BLX12,7896658038556,4886,4242
2024-01-01,OSTAMIR (A4H),OSTAMIR 35MG COMR BLX12,7896658038556,4828,4450
2024-09-01,OSTAMIR (A4H),OSTAMIR 35MG COMR BLX12,7896658038556,4926,4512
2024-04-01,OSTAMIR (A4H),OSTAMIR 35MG COMR BLX12,7896658038556,4852,4397
2024-05-01,LEVRION (A4H),LEVRION 80MG CAP BLX30,7896658029028,16091,0
2024-09-01,LEVRION (A4H),LEVRION 80MG CAP BLX30,7896658029028,13266,13
2024-04-01,LEVRION (A4H),LEVRION 80MG CAP BLX30,7896658029028,16475,0
2024-06-01,LEVRION (A4H),LEVRION 80MG CAP BLX30,7896658029028,15148,0
2024-10-01,LEVRION (A4H),LEVRION 80MG CAP BLX30,7896658029028,12626,0
2024-03-01,LEVRION (A4H),LEVRION 80MG CAP BLX30,7896658029028,16306,2
2024-12-01,LEVRION (A4H),LEVRION 80MG CAP BLX30,7896658029028,11643,951
2024-11-01,LEVRION (A4H),LEVRION 80MG CAP BLX30,7896658029028,11823,966
2024-02-01,LEVRION (A4H),LEVRION 80MG CAP BLX30,7896658029028,12818,32
2024-01-01,LEVRION (A4H),LEVRION 80MG CAP BLX30,7896658029028,12099,5201
2024-08-01,LEVRION (A4H),LEVRION 80MG CAP BLX30,7896658029028,15098,1139
2024-07-01,LEVRION (A4H),LEVRION 80MG CAP BLX30,7896658029028,15430,98
2024-08-01,PLUVANT (A4H),PLUVANT 50MG/ML SOLCAPI FRX50ML VALSPR,7896658038686,13426,4182
2024-07-01,PLUVANT (A4H),PLUVANT 50MG/ML SOLCAPI FRX50ML VALSPR,7896658038686,13842,4433
2024-05-01,PLUVANT (A4H),PLUVANT 50MG/ML SOLCAPI FRX50ML VALSPR,7896658038686,12077,4049
2024-09-01,PLUVANT (A4H),PLUVANT 50MG/ML SOLCAPI FRX50ML VALSPR,7896658038686,11271,3834
2024-04-01,PLUVANT (A4H),PLUVANT 50MG/ML SOLCAPI FRX50ML VALSPR,7896658038686,12085,4271
2024-06-01,PLUVANT (A4H),PLUVANT 50MG/ML SOLCAPI FRX50ML VALSPR,7896658038686,12449,4095
2024-10-01,PLUVANT (A4H),PLUVANT 50MG/ML SOLCAPI FRX50ML VALSPR,7896658038686,12887,3533
2024-03-01,PLUVANT (A4H),PLUVANT 50MG/ML SOLCAPI FRX50ML VALSPR,7896658038686,12085,3877
2024-12-01,PLUVANT (A4H),PLUVANT 50MG/ML SOLCAPI FRX50ML VALSPR,7896658038686,12601,2853
2024-11-01,PLUVANT (A4H),PLUVANT 50MG/ML SOLCAPI FRX50ML VALSPR,7896658038686,12696,2760
2024-02-01,PLUVANT (A4H),PLUVANT 50MG/ML SOLCAPI FRX50ML VALSPR,7896658038686,10472,3465
2024-01-01,PLUVANT (A4H),PLUVANT 50MG/ML SOLCAPI FRX50ML VALSPR,7896658038686,9888,3883
2024-08-01,GELVOR (A4H),GELVOR 20MG COMR BLX28,7896658034466,10714,650
2024-05-01,GELVOR (A4H),GELVOR 20MG COMR BLX28,7896658034466,11020,231
2024-09-01,GELVOR (A4H),GELVOR 20MG COMR BLX28,7896658034466,10137,6
2024-04-01,GELVOR (A4H),GELVOR 20MG COMR BLX28,7896658034466,10600,0
2024-06-01,GELVOR (A4H),GELVOR 20MG COMR BLX28,7896658034466,10656,211
2024-10-01,GELVOR (A4H),GELVOR 20MG COMR BLX28,7896658034466,10287,0
2024-03-01,GELVOR (A4H),GELVOR 20MG COMR BLX28,7896658034466,9281,0
2024-12-01,GELVOR (A4H),GELVOR 20MG COMR BLX28,7896658034466,9294,568
2024-11-01,GELVOR (A4H),GELVOR 20MG COMR BLX28,7896658034466,9799,590
2024-02-01,GELVOR (A4H),GELVOR 20MG COMR BLX28,7896658034466,10257,12
2024-01-01,GELVOR (A4H),GELVOR 20MG COMR BLX28,7896658034466,8903,66
2024-07-01,GELVOR (A4H),GELVOR 20MG COMR BLX28,7896658034466,11610,45
2024-08-01,OSTRYN (A4H),OSTRYN 150MG COMR BLAX1,7896658019036,12816,807
2024-05-01,OSTRYN (A4H),OSTRYN 150MG COMR BLAX1,7896658019036,11169,0
2024-09-01,OSTRYN (A4H),OSTRYN 150MG COMR BLAX1,7896658019036,12303,15
2024-04-01,OSTRYN (A4H),OSTRYN 150MG COMR BLAX1,7896658019036,10905,0
2024-06-01,OSTRYN (A4H),OSTRYN 150MG COMR BLAX1,7896658019036,11260,1489
2024-10-01,OSTRYN (A4H),OSTRYN 150MG COMR BLAX1,7896658019036,12853,1601
2024-03-01,OSTRYN (A4H),OSTRYN 150MG COMR BLAX1,7896658019036,11594,0
2024-12-01,OSTRYN (A4H),OSTRYN 150MG COMR BLAX1,7896658019036,10801,4
2024-11-01,OSTRYN (A4H),OSTRYN 150MG COMR BLAX1,7896658019036,10843,4
2024-02-01,OSTRYN (A4H),OSTRYN 150MG COMR BLAX1,7896658019036,9598,0
2024-01-01,OSTRYN (A4H),OSTRYN 150MG COMR BLAX1,7896658019036,9318,17
2024-07-01,OSTRYN (A4H),OSTRYN 150MG COMR BLAX1,7896658019036,11608,49
2024-07-01,REVOTRAM (A4H),REVOTRAM 37.5/325MG COMR BLX20 (A2),7896658016844,9827,11
2024-05-01,REVOTRAM (A4H),REVOTRAM 37.5/325MG COMR BLX20 (A2),7896658016844,4749,0
2024-04-01,REVOTRAM (A4H),REVOTRAM 37.5/325MG COMR BLX20 (A2),7896658016844,4927,0
2024-06-01,REVOTRAM (A4H),REVOTRAM 37.5/325MG COMR BLX20 (A2),7896658016844,4005,0
2024-10-01,REVOTRAM (A4H),REVOTRAM 37.5/325MG COMR BLX20 (A2),7896658016844,13976,3002
2024-12-01,REVOTRAM (A4H),REVOTRAM 37.5/325MG COMR BLX20 (A2),7896658016844,10869,3014
2024-02-01,REVOTRAM (A4H),REVOTRAM 37.5/325MG COMR BLX20 (A2),7896658016844,2935,0
2024-08-01,REVOTRAM (A4H),REVOTRAM 37.5/325MG COMR BLX20 (A2),7896658016844,9264,1209
2024-09-01,REVOTRAM (A4H),REVOTRAM 37.5/325MG COMR BLX20 (A2),7896658016844,10129,1724
2024-11-01,REVOTRAM (A4H),REVOTRAM 37.5/325MG COMR BLX20 (A2),7896658016844,11881,2833
2024-03-01,REVOTRAM (A4H),REVOTRAM 37.5/325MG COMR BLX20 (A2),7896658016844,3427,0
2024-01-01,REVOTRAM (A4H),REVOTRAM 37.5/325MG COMR BLX20 (A2),7896658016844,1498,0
2024-07-01,NAUSKOR (A4H),NAUSKOR 8MG COMR BLX10 CL,7896658034237,3862,11
2024-05-01,NAUSKOR (A4H),NAUSKOR 8MG COMR BLX10 CL,7896658034237,3837,33
2024-04-01,NAUSKOR (A4H),NAUSKOR 8MG COMR BLX10 CL,7896658034237,4415,0
2024-10-01,NAUSKOR (A4H),NAUSKOR 8MG COMR BLX10 CL,7896658034237,3079,0
2024-03-01,NAUSKOR (A4H),NAUSKOR 8MG COMR BLX10 CL,7896658034237,4986,0
2024-02-01,NAUSKOR (A4H),NAUSKOR 8MG COMR BLX10 CL,7896658034237,4460,0
2024-09-01,NAUSKOR (A4H),NAUSKOR 8MG COMR BLX10 CL,7896658034237,3323,1
2024-12-01,NAUSKOR (A4H),NAUSKOR 8MG COMR BLX10 CL,7896658034237,2837,0
2024-08-01,NAUSKOR (A4H),NAUSKOR 8MG COMR BLX10 CL,7896658034237,3854,127
2024-06-01,NAUSKOR (A4H),NAUSKOR 8MG COMR BLX10 CL,7896658034237,3625,35
2024-01-01,NAUSKOR (A4H),NAUSKOR 8MG COMR BLX10 CL,7896658034237,4359,6
2024-11-01,NAUSKOR (A4H),NAUSKOR 8MG COMR BLX10 CL,7896658034237,2806,0
2024-08-01,TRAMOXIL (A4H),TRAMOXIL SOL 100MG SOLOR FRX100ML (C1),7896658029394,21966,1039
2024-07-01,TRAMOXIL (A4H),TRAMOXIL SOL 100MG SOLOR FRX100ML (C1),7896658029394,23306,41
2024-05-01,TRAMOXIL (A4H),TRAMOXIL SOL 100MG SOLOR FRX100ML (C1),7896658029394,24442,0
2024-09-01,TRAMOXIL (A4H),TRAMOXIL SOL 100MG SOLOR FRX100ML (C1),7896658029394,19384,4
2024-04-01,TRAMOXIL (A4H),TRAMOXIL SOL 100MG SOLOR FRX100ML (C1),7896658029394,23243,0
2024-06-01,TRAMOXIL (A4H),TRAMOXIL SOL 100MG SOLOR FRX100ML (C1),7896658029394,21648,0
2024-10-01,TRAMOXIL (A4H),TRAMOXIL SOL 100MG SOLOR FRX100ML (C1),7896658029394,21043,0
2024-03-01,TRAMOXIL (A4H),TRAMOXIL SOL 100MG SOLOR FRX100ML (C1),7896658029394,23305,0
2024-11-01,TRAMOXIL (A4H),TRAMOXIL SOL 100MG SOLOR FRX100ML (C1),7896658029394,21271,873
2024-02-01,TRAMOXIL (A4H),TRAMOXIL SOL 100MG SOLOR FRX100ML (C1),7896658029394,22906,0
2024-01-01,TRAMOXIL (A4H),TRAMOXIL SOL 100MG SOLOR FRX100ML (C1),7896658029394,22110,4
2024-12-01,TRAMOXIL (A4H),TRAMOXIL SOL 100MG SOLOR FRX100ML (C1),7896658029394,20661,884
2024-08-01,UNZERA (A4H),UNZERA 2.5MG CAP BLX30,7896658027055,3598,1592
2024-07-01,UNZERA (A4H),UNZERA 2.5MG CAP BLX30,7896658027055,3639,1672
2024-05-01,UNZERA (A4H),UNZERA 2.5MG CAP BLX30,7896658027055,3476,1635
2024-04-01,UNZERA (A4H),UNZERA 2.5MG CAP BLX30,7896658027055,3744,1775
2024-06-01,UNZERA (A4H),UNZERA 2.5MG CAP BLX30,7896658027055,3534,1664
2024-02-01,UNZERA (A4H),UNZERA 2.5MG CAP BLX30,7896658027055,3364,1606
2024-01-01,UNZERA (A4H),UNZERA 2.5MG CAP BLX30,7896658027055,3306,1671
2024-09-01,UNZERA (A4H),UNZERA 2.5MG CAP BLX30,7896658027055,3225,1605
2024-03-01,UNZERA (A4H),UNZERA 2.5MG CAP BLX30,7896658027055,3836,1900
2024-12-01,UNZERA (A4H),UNZERA 2.5MG CAP BLX30,7896658027055,2629,1368
2024-11-01,UNZERA (A4H),UNZERA 2.5MG CAP BLX30,7896658027055,2866,1428
2024-10-01,UNZERA (A4H),UNZERA 2.5MG CAP BLX30,7896658027055,3320,1610
2024-08-01,REVOTRAM (A4H),REVOTRAM 37.5/325MG COMR BLX30 (A2),7896658034985,12754,2850
2024-07-01,REVOTRAM (A4H),REVOTRAM 37.5/325MG COMR BLX30 (A2),7896658034985,13106,30
2024-05-01,REVOTRAM (A4H),REVOTRAM 37.5/325MG COMR BLX30 (A2),7896658034985,11150,0
2024-09-01,REVOTRAM (A4H),REVOTRAM 37.5/325MG COMR BLX30 (A2),7896658034985,13165,3471
2024-06-01,REVOTRAM (A4H),REVOTRAM 37.5/325MG COMR BLX30 (A2),7896658034985,11602,0
2024-10-01,REVOTRAM (A4H),REVOTRAM 37.5/325MG COMR BLX30 (A2),7896658034985,16675,6004
2024-12-01,REVOTRAM (A4H),REVOTRAM 37.5/325MG COMR BLX30 (A2),7896658034985,15666,6311
2024-11-01,REVOTRAM (A4H),REVOTRAM 37.5/325MG COMR BLX30 (A2),7896658034985,15245,5758
2024-02-01,REVOTRAM (A4H),REVOTRAM 37.5/325MG COMR BLX30 (A2),7896658034985,6487,0
2024-03-01,REVOTRAM (A4H),REVOTRAM 37.5/325MG COMR BLX30 (A2),7896658034985,9678,0
2024-01-01,REVOTRAM (A4H),REVOTRAM 37.5/325MG COMR BLX30 (A2),7896658034985,1046,0
2024-04-01,REVOTRAM (A4H),REVOTRAM 37.5/325MG COMR BLX30 (A2),7896658034985,10219,0
2024-08-01,ARTRINAX (A4H),ARTRINAX CAP FRX30,7896658004858,11967,924
2024-07-01,ARTRINAX (A4H),ARTRINAX CAP FRX30,7896658004858,11999,170
2024-05-01,ARTRINAX (A4H),ARTRINAX CAP FRX30,7896658004858,13158,1489
2024-09-01,ARTRINAX (A4H),ARTRINAX CAP FRX30,7896658004858,13717,4054
2024-06-01,ARTRINAX (A4H),ARTRINAX CAP FRX30,7896658004858,13732,3600
2024-10-01,ARTRINAX (A4H),ARTRINAX CAP FRX30,7896658004858,12104,53
2024-03-01,ARTRINAX (A4H),ARTRINAX CAP FRX30,7896658004858,12172,1159
2024-12-01,ARTRINAX (A4H),ARTRINAX CAP FRX30,7896658004858,10928,0
2024-11-01,ARTRINAX (A4H),ARTRINAX CAP FRX30,7896658004858,10929,17
2024-02-01,ARTRINAX (A4H),ARTRINAX CAP FRX30,7896658004858,14009,7426
2024-01-01,ARTRINAX (A4H),ARTRINAX CAP FRX30,7896658004858,14925,8572
2024-04-01,ARTRINAX (A4H),ARTRINAX CAP FRX30,7896658004858,11830,28
2024-08-01,TRAMOXIL (A4H),TRAMOXIL 500MG COMR BLX30 (C1),7896658029318,13720,524
2024-07-01,TRAMOXIL (A4H),TRAMOXIL 500MG COMR BLX30 (C1),7896658029318,15079,37
2024-09-01,TRAMOXIL (A4H),TRAMOXIL 500MG COMR BLX30 (C1),7896658029318,12914,12
2024-04-01,TRAMOXIL (A4H),TRAMOXIL 500MG COMR BLX30 (C1),7896658029318,16790,3940
2024-06-01,TRAMOXIL (A4H),TRAMOXIL 500MG COMR BLX30 (C1),7896658029318,14034,7
2024-10-01,TRAMOXIL (A4H),TRAMOXIL 500MG COMR BLX30 (C1),7896658029318,12277,0
2024-03-01,TRAMOXIL (A4H),TRAMOXIL 500MG COMR BLX30 (C1),7896658029318,16774,1658
2024-12-01,TRAMOXIL (A4H),TRAMOXIL 500MG COMR BLX30 (C1),7896658029318,10757,314
2024-11-01,TRAMOXIL (A4H),TRAMOXIL 500MG COMR BLX30 (C1),7896658029318,10911,298
2024-02-01,TRAMOXIL (A4H),TRAMOXIL 500MG COMR BLX30 (C1),7896658029318,18336,0
2024-01-01,TRAMOXIL (A4H),TRAMOXIL 500MG COMR BLX30 (C1),7896658029318,17198,4
2024-05-01,TRAMOXIL (A4H),TRAMOXIL 500MG COMR BLX30 (C1),7896658029318,15473,21
2024-08-01,GROMAL (A4H),GROMAL 4MG GRAN 60SACX350MG,7896658030260,4012,250
2024-05-01,GROMAL (A4H),GROMAL 4MG GRAN 60SACX350MG,7896658030260,4353,0
2024-10-01,GROMAL (A4H),GROMAL 4MG GRAN 60SACX350MG,7896658030260,3500,0
2024-03-01,GROMAL (A4H),GROMAL 4MG GRAN 60SACX350MG,7896658030260,2541,0
2024-07-01,GROMAL (A4H),GROMAL 4MG GRAN 60SACX350MG,7896658030260,4482,4
2024-09-01,GROMAL (A4H),GROMAL 4MG GRAN 60SACX350MG,7896658030260,3609,4
2024-04-01,GROMAL (A4H),GROMAL 4MG GRAN 60SACX350MG,7896658030260,3872,0
2024-06-01,GROMAL (A4H),GROMAL 4MG GRAN 60SACX350MG,7896658030260,4680,0
2024-12-01,GROMAL (A4H),GROMAL 4MG GRAN 60SACX350MG,7896658030260,2301,0
2024-11-01,GROMAL (A4H),GROMAL 4MG GRAN 60SACX350MG,7896658030260,2808,0
2024-02-01,GROMAL (A4H),GROMAL 4MG GRAN 60SACX350MG,7896658030260,1552,0
2024-01-01,GROMAL (A4H),GROMAL 4MG GRAN 60SACX350MG,7896658030260,400,0
2024-08-01,TORVEX (A4H),TORVEX RETARD 100MG COMR BLX10 CL A2,7896181929178,15517,1383
2024-05-01,TORVEX (A4H),TORVEX RETARD 100MG COMR BLX10 CL A2,7896181929178,15192,428
2024-09-01,TORVEX (A4H),TORVEX RETARD 100MG COMR BLX10 CL A2,7896181929178,13302,595
2024-04-01,TORVEX (A4H),TORVEX RETARD 100MG COMR BLX10 CL A2,7896181929178,14409,311
2024-06-01,TORVEX (A4H),TORVEX RETARD 100MG COMR BLX10 CL A2,7896181929178,14169,508
2024-03-01,TORVEX (A4H),TORVEX RETARD 100MG COMR BLX10 CL A2,7896181929178,15343,478
2024-12-01,TORVEX (A4H),TORVEX RETARD 100MG COMR BLX10 CL A2,7896181929178,12315,550
2024-11-01,TORVEX (A4H),TORVEX RETARD 100MG COMR BLX10 CL A2,7896181929178,12068,493
2024-02-01,TORVEX (A4H),TORVEX RETARD 100MG COMR BLX10 CL A2,7896181929178,15133,406
2024-07-01,TORVEX (A4H),TORVEX RETARD 100MG COMR BLX10 CL A2,7896181929178,14298,743
2024-10-01,TORVEX (A4H),TORVEX RETARD 100MG COMR BLX10 CL A2,7896181929178,14389,586
2024-01-01,TORVEX (A4H),TORVEX RETARD 100MG COMR BLX10 CL A2,7896181929178,16288,287
2024-08-01,REVOTRAM (A4H),REVOTRAM 37.5/325MG COMR BLX10 (A2),7896658016837,9001,459
2024-07-01,REVOTRAM (A4H),REVOTRAM 37.5/325MG COMR BLX10 (A2),7896658016837,9465,5
2024-05-01,REVOTRAM (A4H),REVOTRAM 37.5/325MG COMR BLX10 (A2),7896658016837,3396,0
2024-09-01,REVOTRAM (A4H),REVOTRAM 37.5/325MG COMR BLX10 (A2),7896658016837,9794,638
2024-10-01,REVOTRAM (A4H),REVOTRAM 37.5/325MG COMR BLX10 (A2),7896658016837,15157,1190
2024-12-01,REVOTRAM (A4H),REVOTRAM 37.5/325MG COMR BLX10 (A2),7896658016837,10598,1325
2024-11-01,REVOTRAM (A4H),REVOTRAM 37.5/325MG COMR BLX10 (A2),7896658016837,11673,1193
2024-03-01,REVOTRAM (A4H),REVOTRAM 37.5/325MG COMR BLX10 (A2),7896658016837,3680,0
2024-04-01,REVOTRAM (A4H),REVOTRAM 37.5/325MG COMR BLX10 (A2),7896658016837,3021,0
2024-02-01,REVOTRAM (A4H),REVOTRAM 37.5/325MG COMR BLX10 (A2),7896658016837,3329,0
2024-01-01,REVOTRAM (A4H),REVOTRAM 37.5/325MG COMR BLX10 (A2),7896658016837,1751,0
2024-06-01,REVOTRAM (A4H),REVOTRAM 37.5/325MG COMR BLX10 (A2),7896658016837,3651,0
2024-01-01,YUNELIS (A4H),YUNELIS 30 3+0.03MG COMR BLX21,7896658048227,25,0
2024-02-01,YUNELIS (A4H),YUNELIS 20 3+0.02MG COMR BLX24,7896658048203,43,0
2024-03-01,SUNZOR (A4H),SUNZOR CAL 2.000 UI COMR BLX30,7896658048654,19,0
2024-01-01,ZELFIR (A4H),ZELFIR SPRAY 2.5MG/0.1ML FRSPRX12ML B1,7896658048173,1,0
